<?xml version="1.0" encoding="UTF-8" standalone="yes"?>
<addon	id="repository.pietervanh.addons"
		name="pietervanh's repo"
		version="1.0.0"
		provider-name="pietervanh">
	<extension	point="xbmc.addon.repository"
				name="pietervanh's repo">
		<info compressed="false">https://github.com/pietervanh/xbmc-repository-pietervanh/raw/master/addons.xml</info>
		<checksum>https://github.com/pietervanh/xbmc-repository-pietervanh/raw/master/addons.xml.md5</checksum>
		<datadir zip="true">https://github.com/pietervanh/xbmc-repository-pietervanh/raw/master/</datadir>
	</extension>
	<extension point="xbmc.addon.metadata">
		<summary>Install pietervanh's repo</summary>
		<description>Download and install pietervanh's repo</description>
		<disclaimer></disclaimer>
		<platform>all</platform>
	</extension>
</addon>
