<?xml version="1.0" encoding="UTF-8" standalone="yes"?>
<addon id="plugin.audio.soundcloud"
       name="SoundCloud"
       version="0.2.5"
       provider-name="Zsolt Török, Vanhoutteghem Pieter">
  <requires>
    <import addon="xbmc.python" version="2.0"/>
    <import addon="script.module.simplejson" version="2.0.10"/>
  </requires>
  <extension point="xbmc.python.pluginsource" library="default.py">
        <provides>audio</provides>
  </extension>
  <extension point="xbmc.addon.metadata">
    <summary>XBMC Plugin for SoundCloud</summary>
    <description>SoundCloud is a platform for musicians to promote and distribute their music online.
This is a third-party add-on, which uses public web services exposed by SoundCloud. Neither the XBMC community, nor the developer of this add-on is in any way affiliated with SoundCloud Ltd.</description>
	<platform>all</platform>
  </extension>
</addon>
